{
  "init_inject_lstm_l1_h256_e256": {
    "bleu4": 0.13086957877593852,
    "meteor": 0.34321844376965943,
    "elapsed": 252.39714574813843
  },
  "init_inject_rnn_l1_h256_e256": {
    "bleu4": 0.12594716916231072,
    "meteor": 0.3301952939872925,
    "elapsed": 199.96590852737427
  }
}